image_name,mean_brightness,max_brightness,median_brightness,percentile_70_brightness
crop_Componenets_1.transformed059.tif,197.16067044000508,241,196.0,205.0
crop_Componenets_1.transformed060.tif,198.92242528735633,242,198.0,205.0
crop_Componenets_1.transformed061.tif,200.52346098249316,241,199.0,205.0
crop_Componenets_1.transformed062.tif,201.80558737285807,239,201.0,206.0
crop_Componenets_1.transformed063.tif,202.7545377554991,247,202.0,207.0
crop_Componenets_1.transformed064.tif,203.62808101613456,234,203.0,209.0
crop_Componenets_1.transformed065.tif,204.38942445138198,231,204.0,210.0
crop_Componenets_1.transformed066.tif,205.1861837140701,233,206.0,211.0
crop_Componenets_1.transformed067.tif,205.81003453086052,232,207.0,212.0
crop_Componenets_1.transformed068.tif,206.37455414304006,231,208.0,213.0
crop_Componenets_1.transformed069.tif,206.9529337755919,230,208.0,214.0
crop_Componenets_1.transformed070.tif,207.3458246561549,232,209.0,214.0
crop_Componenets_1.transformed071.tif,207.56986649568344,233,209.0,215.0
crop_Componenets_1.transformed072.tif,207.6160358337534,234,209.0,215.0
crop_Componenets_1.transformed073.tif,207.73342427438214,235,209.0,215.0
crop_Componenets_1.transformed074.tif,207.75831259247366,237,209.0,215.0
crop_Componenets_1.transformed075.tif,207.79706020723128,235,209.0,215.0
crop_Componenets_1.transformed076.tif,207.90125978108722,240,209.0,215.0
crop_Componenets_1.transformed077.tif,207.81666590157914,254,209.0,215.0
crop_Componenets_1.transformed078.tif,207.69047782979897,247,209.0,215.0
crop_Componenets_1.transformed079.tif,207.37904604546029,235,209.0,215.0
crop_Componenets_1.transformed080.tif,207.1440015608681,231,208.0,215.0
crop_Componenets_1.transformed081.tif,206.72251873787633,231,208.0,214.0
crop_Componenets_1.transformed082.tif,206.58760745067886,239,208.0,214.0
crop_Componenets_1.transformed083.tif,206.4796112717426,233,207.0,213.0
crop_Componenets_1.transformed084.tif,206.64318979559064,233,207.0,213.0
crop_Componenets_1.transformed085.tif,206.85836649046564,236,207.0,213.0
crop_Componenets_1.transformed086.tif,207.17062323043592,234,208.0,213.0
crop_Componenets_1.transformed087.tif,207.56404378474411,233,208.0,213.0
crop_Componenets_1.transformed088.tif,207.8224911749874,232,208.0,213.0
crop_Componenets_1.transformed089.tif,207.89855554281783,237,208.0,213.0
crop_Componenets_1.transformed090.tif,207.85256108887845,245,209.0,213.0
crop_Componenets_1.transformed091.tif,208.11499776358193,248,209.0,213.0
crop_Componenets_1.transformed092.tif,208.4658041725447,232,210.0,213.0
crop_Componenets_1.transformed093.tif,208.90332312421853,232,210.0,213.0
crop_Componenets_1.transformed094.tif,209.3576082966226,236,210.0,213.0
crop_Componenets_1.transformed095.tif,209.76799072926707,241,211.0,214.0
crop_Componenets_1.transformed096.tif,210.1762214647247,244,211.0,214.0
crop_Componenets_1.transformed097.tif,210.44864083019561,242,212.0,214.0
crop_Componenets_1.transformed098.tif,210.77438947380506,240,212.0,215.0
crop_Componenets_1.transformed099.tif,211.20312769108884,241,212.0,215.0
crop_Componenets_1.transformed100.tif,211.6816359354357,245,213.0,216.0
crop_Componenets_1.transformed101.tif,211.94468764721427,241,213.0,216.0
crop_Componenets_1.transformed102.tif,212.11394512902373,239,214.0,217.0
crop_Componenets_1.transformed103.tif,212.55509885416427,239,214.0,217.0
crop_Componenets_1.transformed104.tif,212.95690901994996,235,214.0,218.0
crop_Componenets_1.transformed105.tif,213.39122001606793,235,215.0,218.0
crop_Componenets_1.transformed106.tif,213.66033382312426,236,215.0,218.0
crop_Componenets_1.transformed107.tif,213.87013270272752,234,216.0,219.0
crop_Componenets_1.transformed108.tif,214.05823950047633,236,216.0,219.0
crop_Componenets_1.transformed109.tif,214.4344682755534,236,216.0,219.0
crop_Componenets_1.transformed110.tif,214.70979996097918,241,216.0,220.0
crop_Componenets_1.transformed111.tif,214.7810218978102,251,216.0,219.0
crop_Componenets_1.transformed112.tif,214.82458235260347,255,216.0,219.0
crop_Componenets_1.transformed113.tif,214.91159079166428,255,216.0,220.0
crop_Componenets_1.transformed114.tif,215.1844776119403,255,217.0,220.0
crop_Componenets_1.transformed115.tif,215.44987775061125,255,217.0,220.0
crop_Componenets_1.transformed116.tif,215.55962712954033,255,217.0,220.0
crop_Componenets_1.transformed117.tif,215.60574040681314,255,217.0,220.0
crop_Componenets_1.transformed118.tif,215.62138565635448,253,217.0,220.0
crop_Componenets_1.transformed119.tif,215.72295014136955,250,217.0,220.0
crop_Componenets_1.transformed120.tif,215.83914147507267,248,217.0,220.0
crop_Componenets_1.transformed121.tif,215.88166149603586,255,217.0,220.0
crop_Componenets_1.transformed122.tif,215.83838534724455,255,217.0,220.0
crop_Componenets_1.transformed123.tif,215.87554876226815,253,217.0,221.0
crop_Componenets_1.transformed124.tif,216.0451615127383,251,217.0,221.0
crop_Componenets_1.transformed125.tif,216.16751893177667,252,218.0,221.0
crop_Componenets_1.transformed126.tif,216.130858948578,250,218.0,221.0
crop_Componenets_1.transformed127.tif,216.20955007757283,252,218.0,221.0
crop_Componenets_1.transformed128.tif,216.13898655635987,244,217.0,221.0
crop_Componenets_1.transformed129.tif,216.1346622242647,248,217.0,221.0
crop_Componenets_1.transformed130.tif,216.30341983434997,252,218.0,221.0
crop_Componenets_1.transformed131.tif,216.2234437283891,252,218.0,221.0
crop_Componenets_1.transformed132.tif,216.22300215982722,252,217.0,221.0
crop_Componenets_1.transformed133.tif,216.2650130398318,242,218.0,221.0
crop_Componenets_1.transformed134.tif,216.18442566481423,240,218.0,221.0
crop_Componenets_1.transformed135.tif,216.42140798493494,244,218.0,221.0
crop_Componenets_1.transformed136.tif,216.51951451962935,240,218.0,221.0
crop_Componenets_1.transformed137.tif,216.45030253625268,240,218.0,221.0
crop_Componenets_1.transformed138.tif,216.34558359078014,244,218.0,221.0
crop_Componenets_1.transformed139.tif,216.36776356580248,244,218.0,221.0
crop_Componenets_1.transformed140.tif,216.4842154824929,251,218.0,221.0
crop_Componenets_1.transformed141.tif,216.55430750324456,246,218.0,221.0
crop_Componenets_1.transformed142.tif,216.6260179410312,244,218.0,221.0
crop_Componenets_1.transformed143.tif,216.6461959081458,243,218.0,221.0
crop_Componenets_1.transformed144.tif,216.54710977346872,250,218.0,221.0
crop_Componenets_1.transformed145.tif,216.5672027570362,245,218.0,221.0
crop_Componenets_1.transformed146.tif,216.5552632183644,244,218.0,221.0
crop_Componenets_1.transformed147.tif,216.63568269286,242,218.0,221.0
crop_Componenets_1.transformed148.tif,216.50823907676408,240,218.0,221.0
crop_Componenets_1.transformed149.tif,216.61938181275198,239,218.0,221.0
crop_Componenets_1.transformed150.tif,216.62159772147828,242,218.0,221.0
crop_Componenets_1.transformed151.tif,216.5803669851185,238,218.0,221.0
crop_Componenets_1.transformed152.tif,216.52425578831313,238,218.0,221.0
crop_Componenets_1.transformed153.tif,216.5672125123447,241,218.0,221.0
crop_Componenets_1.transformed154.tif,216.67859111580688,239,218.0,222.0
crop_Componenets_1.transformed155.tif,216.67592922183053,242,218.0,222.0
crop_Componenets_1.transformed156.tif,216.55008496762045,244,218.0,221.0
crop_Componenets_1.transformed157.tif,216.49738820963205,238,218.0,221.0
crop_Componenets_1.transformed158.tif,216.5365792071253,237,218.0,221.0
crop_Componenets_1.transformed159.tif,216.57400817338598,239,218.0,221.0
crop_Componenets_1.transformed160.tif,216.68462819408555,241,218.0,221.0
crop_Componenets_1.transformed161.tif,216.78338520909185,238,218.0,221.0
crop_Componenets_1.transformed162.tif,216.83200082707285,239,218.0,221.0
crop_Componenets_1.transformed163.tif,216.88675213675214,239,218.0,221.0
crop_Componenets_1.transformed164.tif,217.01228029867892,241,218.0,221.0
crop_Componenets_1.transformed165.tif,216.98870854727363,238,218.0,221.0
crop_Componenets_1.transformed166.tif,216.99392254402997,237,218.0,221.0
crop_Componenets_1.transformed167.tif,216.9430747667846,239,218.0,221.0
crop_Componenets_1.transformed168.tif,217.00901687361446,240,218.0,221.0
crop_Componenets_1.transformed169.tif,217.09363799283153,241,219.0,222.0
crop_Componenets_1.transformed170.tif,217.05498242308664,241,219.0,222.0
crop_Componenets_1.transformed171.tif,216.99823069852943,239,218.0,222.0
crop_Componenets_1.transformed172.tif,216.9989086355647,240,218.0,222.0
crop_Componenets_1.transformed173.tif,216.9777351424009,243,219.0,222.0
crop_Componenets_1.transformed174.tif,217.17832938960234,254,219.0,222.0
crop_Componenets_1.transformed175.tif,217.1587102850973,254,219.0,222.0
crop_Componenets_1.transformed176.tif,217.10233787121604,243,219.0,222.0
crop_Componenets_1.transformed177.tif,217.03910665870134,241,219.0,222.0
crop_Componenets_1.transformed178.tif,217.23347273604634,241,219.0,222.0
crop_Componenets_1.transformed179.tif,217.3624082434435,241,219.0,222.0
crop_Componenets_1.transformed180.tif,217.24147198676866,243,219.0,222.0
crop_Componenets_1.transformed181.tif,217.13414353979047,238,219.0,222.0
crop_Componenets_1.transformed182.tif,217.13053765663943,240,219.0,222.0
crop_Componenets_1.transformed183.tif,217.17853327973353,244,219.0,222.0
crop_Componenets_1.transformed184.tif,217.12449162473288,244,219.0,222.0
crop_Componenets_1.transformed185.tif,216.8749152659214,246,219.0,222.0
crop_Componenets_1.transformed186.tif,216.7479064958934,252,218.0,221.0
crop_Componenets_1.transformed187.tif,216.76381343960676,252,218.0,221.0
crop_Componenets_1.transformed188.tif,217.00330859545528,251,219.0,221.0
crop_Componenets_1.transformed189.tif,217.0554355320616,246,219.0,222.0
crop_Componenets_1.transformed190.tif,216.99890803342566,249,219.0,222.0
crop_Componenets_1.transformed191.tif,216.95041445833,245,218.0,222.0
crop_Componenets_1.transformed192.tif,216.92626786391804,252,218.0,222.0
crop_Componenets_1.transformed193.tif,216.85452350844923,253,218.0,221.0
crop_Componenets_1.transformed194.tif,216.71095833716547,254,218.0,221.0
crop_Componenets_1.transformed195.tif,216.69372880381675,254,218.0,221.0
crop_Componenets_1.transformed196.tif,216.63703260819574,255,218.0,221.0
crop_Componenets_1.transformed197.tif,216.72084789405923,255,218.0,221.0
crop_Componenets_1.transformed198.tif,216.69957125943975,254,218.0,221.0
crop_Componenets_1.transformed199.tif,216.62725464724613,253,218.0,221.0
crop_Componenets_1.transformed200.tif,216.5513122650511,255,218.0,221.0
crop_Componenets_1.transformed201.tif,216.46141022545672,255,218.0,221.0
crop_Componenets_1.transformed202.tif,216.47646916788355,255,218.0,221.0
crop_Componenets_1.transformed203.tif,216.50749459745276,248,218.0,221.0
crop_Componenets_1.transformed204.tif,216.46755336881674,239,218.0,221.0
crop_Componenets_1.transformed205.tif,216.31891637166106,237,218.0,221.0
crop_Componenets_1.transformed206.tif,216.18531926630808,251,218.0,221.0
crop_Componenets_1.transformed207.tif,216.27233455882353,250,218.0,221.0
crop_Componenets_1.transformed208.tif,216.44485429306857,236,218.0,221.0
crop_Componenets_1.transformed209.tif,216.29387642579,239,218.0,221.0
crop_Componenets_1.transformed210.tif,216.07578628268283,238,218.0,220.0
crop_Componenets_1.transformed211.tif,216.01234383611978,239,217.0,220.0
crop_Componenets_1.transformed212.tif,216.13076834730677,241,218.0,220.0
crop_Componenets_1.transformed213.tif,216.20619006603502,239,218.0,221.0
crop_Componenets_1.transformed214.tif,216.35493355691594,239,218.0,221.0
crop_Componenets_1.transformed215.tif,216.31055037442,255,218.0,221.0
crop_Componenets_1.transformed216.tif,216.30587910951823,255,218.0,221.0
crop_Componenets_1.transformed217.tif,216.37795519816197,255,218.0,221.0
crop_Componenets_1.transformed218.tif,216.49094105076918,255,218.0,221.0
crop_Componenets_1.transformed219.tif,216.6492163441651,254,218.0,221.0
crop_Componenets_1.transformed220.tif,216.7095365593004,255,218.0,221.0
crop_Componenets_1.transformed221.tif,216.84241985355817,255,218.0,221.0
crop_Componenets_1.transformed222.tif,216.7651332275789,255,218.0,221.0
crop_Componenets_1.transformed223.tif,216.83721063949676,255,218.0,221.0
crop_Componenets_1.transformed224.tif,216.66786215141275,255,218.0,221.0
crop_Componenets_1.transformed225.tif,216.59777999931055,255,218.0,221.0
crop_Componenets_1.transformed226.tif,216.75441761069877,250,218.0,221.0
crop_Componenets_1.transformed227.tif,216.8775460940733,242,218.0,221.0
crop_Componenets_1.transformed228.tif,216.9191829791147,241,218.0,221.0
crop_Componenets_1.transformed229.tif,216.97151855087122,241,218.0,221.0
crop_Componenets_1.transformed230.tif,217.0759647872756,241,218.0,221.0
crop_Componenets_1.transformed231.tif,217.22853335171527,242,219.0,221.0
crop_Componenets_1.transformed232.tif,217.30259544791295,242,219.0,221.0
crop_Componenets_1.transformed233.tif,217.27027399620886,243,218.0,221.0
crop_Componenets_1.transformed234.tif,217.13035835334398,242,218.0,221.0
crop_Componenets_1.transformed235.tif,217.2158491606632,242,218.0,221.0
crop_Componenets_1.transformed236.tif,217.24615384615385,243,219.0,221.0
crop_Componenets_1.transformed237.tif,217.23997747877144,244,219.0,221.0
crop_Componenets_1.transformed238.tif,217.21247888198045,243,218.0,221.0
crop_Componenets_1.transformed239.tif,217.21997310252078,243,218.0,221.0
crop_Componenets_1.transformed240.tif,217.13386831606903,244,218.0,221.0
crop_Componenets_1.transformed241.tif,217.08809058512472,244,218.0,221.0
crop_Componenets_1.transformed242.tif,217.1519457377709,246,218.0,221.0
crop_Componenets_1.transformed243.tif,217.18343467316467,245,218.0,221.0
crop_Componenets_1.transformed244.tif,217.2366319224979,245,219.0,221.0
crop_Componenets_1.transformed245.tif,217.30405754800455,248,219.0,222.0
crop_Componenets_1.transformed246.tif,217.30415402996047,250,219.0,222.0
crop_Componenets_1.transformed247.tif,217.24947432524044,247,219.0,222.0
crop_Componenets_1.transformed248.tif,217.29009081503622,247,219.0,222.0
crop_Componenets_1.transformed249.tif,217.3020809381467,248,219.0,222.0
crop_Componenets_1.transformed250.tif,217.22921361232468,247,219.0,221.0
crop_Componenets_1.transformed251.tif,217.02531878442238,241,218.0,221.0
crop_Componenets_1.transformed252.tif,217.04523814999655,240,218.0,221.0
crop_Componenets_1.transformed253.tif,217.02990258657374,243,218.0,221.0
crop_Componenets_1.transformed254.tif,217.06787106567464,244,219.0,221.0
crop_Componenets_1.transformed255.tif,217.13827353512593,252,219.0,221.0
crop_Componenets_1.transformed256.tif,217.30547222509568,254,219.0,222.0
crop_Componenets_1.transformed257.tif,217.34458271570892,255,219.0,222.0
crop_Componenets_1.transformed258.tif,217.41647712913823,255,219.0,222.0
crop_Componenets_1.transformed259.tif,217.43914876023567,254,219.0,222.0
crop_Componenets_1.transformed260.tif,217.4190110924833,255,219.0,222.0
crop_Componenets_1.transformed261.tif,217.31189182358145,254,219.0,222.0
crop_Componenets_1.transformed262.tif,217.27250272847377,251,219.0,222.0
crop_Componenets_1.transformed263.tif,217.26579718471703,246,219.0,222.0
crop_Componenets_1.transformed264.tif,217.22443256909727,240,219.0,222.0
crop_Componenets_1.transformed265.tif,217.18021558757957,239,219.0,221.0
crop_Componenets_1.transformed266.tif,217.20190539670864,242,219.0,221.0
crop_Componenets_1.transformed267.tif,217.28296422291433,243,219.0,222.0
crop_Componenets_1.transformed268.tif,217.3676411417798,248,219.0,222.0
crop_Componenets_1.transformed269.tif,217.61604432999172,242,219.0,222.0
crop_Componenets_1.transformed270.tif,217.57137436180489,240,219.0,222.0
crop_Componenets_1.transformed271.tif,217.44095321341493,241,219.0,222.0
crop_Componenets_1.transformed272.tif,217.31515688259108,240,219.0,222.0
crop_Componenets_1.transformed273.tif,217.3762868217946,243,219.0,222.0
crop_Componenets_1.transformed274.tif,217.44120894286502,239,219.0,222.0
crop_Componenets_1.transformed275.tif,217.39689002369286,241,219.0,222.0
crop_Componenets_1.transformed276.tif,217.29816250028748,240,219.0,222.0
crop_Componenets_1.transformed277.tif,217.38042403476902,240,219.0,222.0
crop_Componenets_1.transformed278.tif,217.3819958611175,240,219.0,222.0
crop_Componenets_1.transformed279.tif,217.32144704624616,238,219.0,222.0
crop_Componenets_1.transformed280.tif,217.2049128531544,241,219.0,221.0
crop_Componenets_1.transformed281.tif,217.11326109687576,240,219.0,221.0
crop_Componenets_1.transformed282.tif,217.13106221634973,239,219.0,221.0
crop_Componenets_1.transformed283.tif,217.2453216004779,240,219.0,222.0
crop_Componenets_1.transformed284.tif,217.20245997657165,241,219.0,221.0
crop_Componenets_1.transformed285.tif,217.24190121840584,244,219.0,221.0
crop_Componenets_1.transformed286.tif,217.26931869091243,240,219.0,221.0
crop_Componenets_1.transformed287.tif,217.3721718157804,244,219.0,221.0
crop_Componenets_1.transformed288.tif,217.3116399807034,247,219.0,221.0
crop_Componenets_1.transformed289.tif,217.07198640205806,244,219.0,221.0
crop_Componenets_1.transformed290.tif,216.8925431792326,243,218.0,221.0
crop_Componenets_1.transformed291.tif,216.72501178011976,243,218.0,221.0
crop_Componenets_1.transformed292.tif,216.6698230291887,242,218.0,221.0
crop_Componenets_1.transformed293.tif,216.81570420755108,239,218.0,221.0
crop_Componenets_1.transformed294.tif,216.89560452185103,243,218.0,221.0
crop_Componenets_1.transformed295.tif,216.84441304522636,247,218.0,221.0
crop_Componenets_1.transformed296.tif,216.88855701960964,244,218.0,221.0
crop_Componenets_1.transformed297.tif,216.87428079242034,240,218.0,221.0
crop_Componenets_1.transformed298.tif,216.89010231853104,239,218.0,221.0
crop_Componenets_1.transformed299.tif,216.7783122847302,240,218.0,221.0
crop_Componenets_1.transformed300.tif,216.90555121906425,238,218.0,221.0
crop_Componenets_1.transformed301.tif,216.9668587565433,241,218.0,221.0
crop_Componenets_1.transformed302.tif,216.93493638326214,241,218.0,221.0
crop_Componenets_1.transformed303.tif,216.92903181332505,244,218.0,221.0
crop_Componenets_1.transformed304.tif,217.0550071818443,251,218.0,221.0
crop_Componenets_1.transformed305.tif,217.0358923688504,253,218.0,221.0
crop_Componenets_1.transformed306.tif,217.04223782330433,252,218.0,221.0
crop_Componenets_1.transformed307.tif,217.16732527684601,246,219.0,221.0
crop_Componenets_1.transformed308.tif,217.28634290375578,248,219.0,221.0
crop_Componenets_1.transformed309.tif,217.11346189206583,247,219.0,221.0
crop_Componenets_1.transformed310.tif,217.0444020765379,242,219.0,221.0
crop_Componenets_1.transformed311.tif,217.31274769962437,242,219.0,222.0
crop_Componenets_1.transformed312.tif,217.44345928563226,242,219.0,222.0
crop_Componenets_1.transformed313.tif,217.3673898312871,242,219.0,222.0
crop_Componenets_1.transformed314.tif,217.35754318265344,243,219.0,222.0
crop_Componenets_1.transformed315.tif,217.26031596592344,247,219.0,222.0
crop_Componenets_1.transformed316.tif,217.44085737575054,248,219.0,222.0
crop_Componenets_1.transformed317.tif,217.33267524477452,248,219.0,222.0
crop_Componenets_1.transformed318.tif,217.32862766702246,242,219.0,222.0
crop_Componenets_1.transformed319.tif,217.3342971224012,241,219.0,222.0
crop_Componenets_1.transformed320.tif,217.4734298962446,244,219.0,222.0
crop_Componenets_1.transformed321.tif,217.51223013321083,246,219.0,222.0
crop_Componenets_1.transformed322.tif,217.43789205211277,242,219.0,222.0
crop_Componenets_1.transformed323.tif,217.4682098197867,247,219.0,222.0
crop_Componenets_1.transformed324.tif,217.50574725855768,252,219.0,222.0
crop_Componenets_1.transformed325.tif,217.44555399783962,250,219.0,222.0
crop_Componenets_1.transformed326.tif,217.49359497248423,244,219.0,222.0
crop_Componenets_1.transformed327.tif,217.55273854633137,247,219.0,222.0
crop_Componenets_1.transformed328.tif,217.58047441903187,248,219.0,222.0
crop_Componenets_1.transformed329.tif,217.5051787887835,245,219.0,222.0
crop_Componenets_1.transformed330.tif,217.62015130121338,245,219.0,222.0
crop_Componenets_1.transformed331.tif,217.71598054063978,249,219.0,222.0
crop_Componenets_1.transformed332.tif,217.61899461853565,249,219.0,222.0
crop_Componenets_1.transformed333.tif,217.47948411969892,248,219.0,222.0
crop_Componenets_1.transformed334.tif,217.26171955668755,246,219.0,221.0
crop_Componenets_1.transformed335.tif,217.20549406434594,247,219.0,221.0
crop_Componenets_1.transformed336.tif,217.35516837951917,246,219.0,222.0
crop_Componenets_1.transformed337.tif,217.3947501204101,251,219.0,222.0
crop_Componenets_1.transformed338.tif,217.3780563328593,248,219.0,222.0
crop_Componenets_1.transformed339.tif,217.3496915632811,245,219.0,222.0
crop_Componenets_1.transformed340.tif,217.45672100680304,246,219.0,222.0
crop_Componenets_1.transformed341.tif,217.39994722289148,249,219.0,222.0
crop_Componenets_1.transformed342.tif,217.24686187667805,244,218.0,222.0
crop_Componenets_1.transformed343.tif,217.24996270069894,247,218.0,222.0
crop_Componenets_1.transformed344.tif,217.30806236796178,247,219.0,222.0
crop_Componenets_1.transformed345.tif,217.2336084865045,247,219.0,222.0
crop_Componenets_1.transformed346.tif,217.2866425578325,253,219.0,222.0
crop_Componenets_1.transformed347.tif,217.24431022207932,254,219.0,222.0
crop_Componenets_1.transformed348.tif,217.2264883173546,250,219.0,222.0
crop_Componenets_1.transformed349.tif,217.2325335782344,249,219.0,222.0
crop_Componenets_1.transformed350.tif,217.24232579497186,250,219.0,222.0
crop_Componenets_1.transformed351.tif,217.11714377465822,252,219.0,221.0
crop_Componenets_1.transformed352.tif,217.1107034340423,252,218.0,221.0
crop_Componenets_1.transformed353.tif,216.98668898545074,252,218.0,221.0
crop_Componenets_1.transformed354.tif,217.01498084379085,249,218.0,221.0
crop_Componenets_1.transformed355.tif,217.10597804265277,250,219.0,222.0
crop_Componenets_1.transformed356.tif,217.11130362941628,252,219.0,222.0
crop_Componenets_1.transformed357.tif,217.20494399559308,252,219.0,222.0
crop_Componenets_1.transformed358.tif,217.14833518886223,254,219.0,222.0
crop_Componenets_1.transformed359.tif,217.1522550133728,255,219.0,222.0
crop_Componenets_1.transformed360.tif,217.1532554295422,255,219.0,222.0
crop_Componenets_1.transformed361.tif,217.12293868557853,252,219.0,222.0
crop_Componenets_1.transformed362.tif,217.1196223298075,253,219.0,222.0
crop_Componenets_1.transformed363.tif,217.19366641433257,252,219.0,222.0
crop_Componenets_1.transformed364.tif,217.29869802122167,251,219.0,222.0
crop_Componenets_1.transformed365.tif,217.34975906379074,252,219.0,222.0
crop_Componenets_1.transformed366.tif,217.3984651034736,244,219.0,222.0
crop_Componenets_1.transformed367.tif,217.51986466337883,244,219.0,222.0
crop_Componenets_1.transformed368.tif,217.52463229388954,245,219.0,222.0
crop_Componenets_1.transformed369.tif,217.5202502582941,245,219.0,222.0
crop_Componenets_1.transformed370.tif,217.55036570103223,244,219.0,222.0
crop_Componenets_1.transformed371.tif,217.67013019816758,249,219.0,222.0
crop_Componenets_1.transformed372.tif,217.61896951205523,255,219.0,222.0
crop_Componenets_1.transformed373.tif,217.53911687477785,255,219.0,222.0
crop_Componenets_1.transformed374.tif,217.54199050828805,254,219.0,222.0
crop_Componenets_1.transformed375.tif,217.57036383025078,248,219.0,222.0
crop_Componenets_1.transformed376.tif,217.60844450557008,240,219.0,222.0
crop_Componenets_1.transformed377.tif,217.59662806812585,241,219.0,222.0
crop_Componenets_1.transformed378.tif,217.5490838295923,241,219.0,222.0
crop_Componenets_1.transformed379.tif,217.57783604905475,242,219.0,222.0
crop_Componenets_1.transformed380.tif,217.58512343699903,243,219.0,222.0
crop_Componenets_1.transformed381.tif,217.6869078035311,242,219.0,222.0
crop_Componenets_1.transformed382.tif,217.66993984531652,241,219.0,222.0
crop_Componenets_1.transformed383.tif,217.71094457240423,241,219.0,222.0
crop_Componenets_1.transformed384.tif,217.7553997227092,241,219.0,222.0
crop_Componenets_1.transformed385.tif,217.75441552338708,242,219.0,222.0
crop_Componenets_1.transformed386.tif,217.81444421520757,243,219.0,222.0
crop_Componenets_1.transformed387.tif,217.8072333352439,244,219.0,222.0
crop_Componenets_1.transformed388.tif,217.79335497115594,247,219.0,222.0
crop_Componenets_1.transformed389.tif,217.74923147510896,244,219.0,222.0
crop_Componenets_1.transformed390.tif,217.7258242136417,243,219.0,222.0
crop_Componenets_1.transformed391.tif,217.76824930582646,242,219.0,222.0
crop_Componenets_1.transformed392.tif,217.8439135224456,245,219.0,222.0
crop_Componenets_1.transformed393.tif,217.76753410523904,243,219.0,222.0
crop_Componenets_1.transformed394.tif,217.8500395537874,245,219.0,222.0
crop_Componenets_1.transformed395.tif,217.74918899090983,243,219.0,222.0
crop_Componenets_1.transformed396.tif,217.79017355618222,244,219.0,222.0
crop_Componenets_1.transformed397.tif,217.68445794874734,242,219.0,222.0
crop_Componenets_1.transformed398.tif,217.62421331376888,243,219.0,222.0
crop_Componenets_1.transformed399.tif,217.5687270059942,241,219.0,222.0
crop_Componenets_1.transformed400.tif,217.4908440858983,244,219.0,222.0
crop_Componenets_1.transformed401.tif,217.4713190377408,243,219.0,222.0
crop_Componenets_1.transformed402.tif,217.46817119017055,241,219.0,222.0
crop_Componenets_1.transformed403.tif,217.41056975811074,245,219.0,222.0
crop_Componenets_1.transformed404.tif,217.52493922854654,246,219.0,222.0
crop_Componenets_1.transformed405.tif,217.49063545917198,241,219.0,222.0
crop_Componenets_1.transformed406.tif,217.54245623688826,242,219.0,222.0
crop_Componenets_1.transformed407.tif,217.5451147646236,243,219.0,222.0
crop_Componenets_1.transformed408.tif,217.4831780093309,243,219.0,222.0
crop_Componenets_1.transformed409.tif,217.46541629907998,247,219.0,222.0
crop_Componenets_1.transformed410.tif,217.45586584499782,245,219.0,222.0
crop_Componenets_1.transformed411.tif,217.44568876674683,244,219.0,222.0
crop_Componenets_1.transformed412.tif,217.4274924471299,242,219.0,222.0
crop_Componenets_1.transformed413.tif,217.36182472989196,241,219.0,222.0
crop_Componenets_1.transformed414.tif,217.3087049850426,240,219.0,222.0
crop_Componenets_1.transformed415.tif,217.18195512747357,247,219.0,222.0
crop_Componenets_1.transformed416.tif,217.2262652087566,243,219.0,222.0
crop_Componenets_1.transformed417.tif,217.2655008675007,253,219.0,222.0
crop_Componenets_1.transformed418.tif,217.26200534331971,254,219.0,222.0
crop_Componenets_1.transformed419.tif,217.16838919659682,248,219.0,222.0
crop_Componenets_1.transformed420.tif,217.23436035747756,252,219.0,222.0
crop_Componenets_1.transformed421.tif,217.2012248069101,247,219.0,222.0
crop_Componenets_1.transformed422.tif,217.2825098272237,243,219.0,222.0
crop_Componenets_1.transformed423.tif,217.2745835572273,246,219.0,222.0
crop_Componenets_1.transformed424.tif,217.34314308589728,251,219.0,222.0
crop_Componenets_1.transformed425.tif,217.42708595483768,249,219.0,222.0
crop_Componenets_1.transformed426.tif,217.40554233953978,254,219.0,222.0
crop_Componenets_1.transformed427.tif,217.39230355651648,254,219.0,222.0
crop_Componenets_1.transformed428.tif,217.42677039240363,255,219.0,222.0
crop_Componenets_1.transformed429.tif,217.46919626510436,255,219.0,222.0
crop_Componenets_1.transformed430.tif,217.53393400957114,255,219.0,222.0
crop_Componenets_1.transformed431.tif,217.70449340417736,249,219.0,222.0
crop_Componenets_1.transformed432.tif,217.8605971789705,251,219.0,222.0
crop_Componenets_1.transformed433.tif,217.9500961230375,250,219.0,222.0
crop_Componenets_1.transformed434.tif,217.91012701682115,250,219.0,222.0
crop_Componenets_1.transformed435.tif,218.15177454704013,251,219.0,222.0
crop_Componenets_1.transformed436.tif,218.22317227131873,253,219.0,222.0
crop_Componenets_1.transformed437.tif,218.24291995270403,250,219.0,222.0
crop_Componenets_1.transformed438.tif,218.20433280139605,253,219.0,222.0
crop_Componenets_1.transformed439.tif,218.3022975440047,255,220.0,223.0
crop_Componenets_1.transformed440.tif,218.3701058626312,255,220.0,223.0
crop_Componenets_1.transformed441.tif,218.47578089113458,253,220.0,223.0
crop_Componenets_1.transformed442.tif,218.4634485293273,254,220.0,223.0
crop_Componenets_1.transformed443.tif,218.40139680205846,249,220.0,223.0
crop_Componenets_1.transformed444.tif,218.51097171480436,252,220.0,223.0
crop_Componenets_1.transformed445.tif,218.5598092721319,251,220.0,223.0
crop_Componenets_1.transformed446.tif,218.44136805946485,251,220.0,223.0
crop_Componenets_1.transformed447.tif,218.45636712511347,252,220.0,223.0
crop_Componenets_1.transformed448.tif,218.45844442401398,248,220.0,223.0
crop_Componenets_1.transformed449.tif,218.5171751996782,252,220.0,223.0
crop_Componenets_1.transformed450.tif,218.45245701939874,249,220.0,223.0
crop_Componenets_1.transformed451.tif,218.48285645366934,251,220.0,223.0
crop_Componenets_1.transformed452.tif,218.43832030038928,251,220.0,223.0
crop_Componenets_1.transformed453.tif,218.4464398488902,250,220.0,223.0
crop_Componenets_1.transformed454.tif,218.32047617407676,249,220.0,223.0
crop_Componenets_1.transformed455.tif,218.19401820247674,245,220.0,222.0
crop_Componenets_1.transformed456.tif,218.2005762894764,251,220.0,222.0
crop_Componenets_1.transformed457.tif,218.22882572494976,246,220.0,222.0
crop_Componenets_1.transformed458.tif,218.21052510707682,253,219.0,222.0
crop_Componenets_1.transformed459.tif,218.20435895375928,255,220.0,222.0
crop_Componenets_1.transformed460.tif,218.2663758466307,255,220.0,222.0
crop_Componenets_1.transformed461.tif,218.29257170424654,254,220.0,223.0
crop_Componenets_1.transformed462.tif,218.28909059573735,255,220.0,223.0
crop_Componenets_1.transformed463.tif,218.32755767993382,255,220.0,223.0
crop_Componenets_1.transformed464.tif,218.30223983459683,255,220.0,223.0
crop_Componenets_1.transformed465.tif,218.43373078778689,255,220.0,223.0
crop_Componenets_1.transformed466.tif,218.5162473131875,255,220.0,223.0
crop_Componenets_1.transformed467.tif,218.54162977612714,251,220.0,223.0
crop_Componenets_1.transformed468.tif,218.60220010115407,247,220.0,223.0
crop_Componenets_1.transformed469.tif,218.66054845531445,242,220.0,223.0
crop_Componenets_1.transformed470.tif,218.62324372801066,244,220.0,223.0
crop_Componenets_1.transformed471.tif,218.62941541716492,245,220.0,223.0
crop_Componenets_1.transformed472.tif,218.61463027683251,245,220.0,223.0
crop_Componenets_1.transformed473.tif,218.64744289770442,244,220.0,223.0
crop_Componenets_1.transformed474.tif,218.72866533360914,242,220.0,223.0
crop_Componenets_1.transformed475.tif,218.72669209208289,244,220.0,223.0
crop_Componenets_1.transformed476.tif,218.74500074658582,247,220.0,223.0
crop_Componenets_1.transformed477.tif,218.79357091978585,247,220.0,223.0
crop_Componenets_1.transformed478.tif,218.7449946586719,243,220.0,223.0
crop_Componenets_1.transformed479.tif,218.74969271593167,245,220.0,223.0
crop_Componenets_1.transformed480.tif,218.676374958352,244,220.0,223.0
crop_Componenets_1.transformed481.tif,218.56012541921257,242,220.0,223.0
crop_Componenets_1.transformed482.tif,218.5995659811925,243,220.0,223.0
crop_Componenets_1.transformed483.tif,218.61930122583902,242,220.0,223.0
crop_Componenets_1.transformed484.tif,218.65945530293467,245,220.0,223.0
crop_Componenets_1.transformed485.tif,218.69129935720844,247,220.0,223.0
crop_Componenets_1.transformed486.tif,218.74850210050275,246,220.0,223.0
crop_Componenets_1.transformed487.tif,218.7147824290829,248,220.0,223.0
crop_Componenets_1.transformed488.tif,218.7247802235637,246,220.0,223.0
crop_Componenets_1.transformed489.tif,218.66522018643522,245,220.0,223.0
crop_Componenets_1.transformed490.tif,218.64356549286074,248,220.0,223.0
crop_Componenets_1.transformed491.tif,218.5723420620616,246,220.0,223.0
crop_Componenets_1.transformed492.tif,218.52947864033072,245,220.0,223.0
crop_Componenets_1.transformed493.tif,218.42948843084343,243,220.0,223.0
crop_Componenets_1.transformed494.tif,218.42683571051242,240,220.0,223.0
crop_Componenets_1.transformed495.tif,218.4461400668297,244,220.0,223.0
crop_Componenets_1.transformed496.tif,218.47739224286403,241,220.0,223.0
crop_Componenets_1.transformed497.tif,218.47161622192624,240,220.0,223.0
crop_Componenets_1.transformed498.tif,218.41183628953561,245,220.0,223.0
crop_Componenets_1.transformed499.tif,218.39783662127093,247,220.0,223.0
crop_Componenets_1.transformed500.tif,218.37876577807896,252,220.0,223.0
crop_Componenets_1.transformed501.tif,218.3129500947568,253,220.0,223.0
crop_Componenets_1.transformed502.tif,218.22994590994176,253,220.0,223.0
crop_Componenets_1.transformed503.tif,218.265816678153,252,220.0,223.0
crop_Componenets_1.transformed504.tif,218.33393804395251,250,220.0,223.0
crop_Componenets_1.transformed505.tif,218.41289448609183,252,220.0,223.0
crop_Componenets_1.transformed506.tif,218.47229142509443,243,220.0,223.0
crop_Componenets_1.transformed507.tif,218.461443100163,242,220.0,223.0
crop_Componenets_1.transformed508.tif,218.50746165855452,243,220.0,223.0
crop_Componenets_1.transformed509.tif,218.51746702331616,246,220.0,223.0
crop_Componenets_1.transformed510.tif,218.54661294210834,245,220.0,223.0
crop_Componenets_1.transformed511.tif,218.5445715073023,249,220.0,223.0
crop_Componenets_1.transformed512.tif,218.6490384063379,249,220.0,223.0
crop_Componenets_1.transformed513.tif,218.74810703985844,248,220.0,223.0
crop_Componenets_1.transformed514.tif,218.78087196277787,247,220.0,223.0
crop_Componenets_1.transformed515.tif,218.79298503520116,244,220.0,223.0
crop_Componenets_1.transformed516.tif,218.86555403682476,244,220.0,223.0
crop_Componenets_1.transformed517.tif,218.839575509079,242,220.0,223.0
crop_Componenets_1.transformed518.tif,218.78488398805422,243,220.0,223.0
crop_Componenets_1.transformed519.tif,218.76666743272125,246,220.0,223.0
crop_Componenets_1.transformed520.tif,218.69415183853513,248,220.0,223.0
crop_Componenets_1.transformed521.tif,218.83028339708906,245,220.0,223.0
crop_Componenets_1.transformed522.tif,218.7675278447583,246,220.0,223.0
crop_Componenets_1.transformed523.tif,218.85950365768227,244,220.0,223.0
crop_Componenets_1.transformed524.tif,218.9411305326504,242,220.0,223.0
crop_Componenets_1.transformed525.tif,218.95481263776634,243,220.0,223.0
crop_Componenets_1.transformed526.tif,219.06599345917724,244,220.0,223.0
crop_Componenets_1.transformed527.tif,218.99516847227324,242,220.0,223.0
crop_Componenets_1.transformed528.tif,218.98537447765992,247,220.0,223.0
crop_Componenets_1.transformed529.tif,218.92784167871983,254,220.0,223.0
crop_Componenets_1.transformed530.tif,218.91226096737907,254,220.0,223.0
crop_Componenets_1.transformed531.tif,218.9347706358859,253,220.0,223.0
crop_Componenets_1.transformed532.tif,219.0100962586478,245,220.0,223.0
crop_Componenets_1.transformed533.tif,218.91397800078076,243,220.0,223.0
crop_Componenets_1.transformed534.tif,218.92854763299675,245,220.0,223.0
crop_Componenets_1.transformed535.tif,218.88703044227455,244,220.0,223.0
crop_Componenets_1.transformed536.tif,218.90896876435463,245,220.0,223.0
crop_Componenets_1.transformed537.tif,218.97222955978455,245,220.0,223.0
crop_Componenets_1.transformed538.tif,218.77975233193953,243,220.0,223.0
crop_Componenets_1.transformed539.tif,218.78117174037908,242,220.0,223.0
crop_Componenets_1.transformed540.tif,218.90693346811247,244,220.0,223.0
crop_Componenets_1.transformed541.tif,218.89098279703254,244,220.0,223.0
crop_Componenets_1.transformed542.tif,218.962664033708,241,220.0,223.0
crop_Componenets_1.transformed543.tif,219.0227004074138,241,220.0,223.0
crop_Componenets_1.transformed544.tif,219.05962597521798,246,221.0,224.0
crop_Componenets_1.transformed545.tif,219.16639502318534,247,221.0,224.0
crop_Componenets_1.transformed546.tif,219.14400514304083,244,221.0,224.0
crop_Componenets_1.transformed547.tif,219.14715772801873,244,221.0,224.0
crop_Componenets_1.transformed548.tif,219.21751058969386,246,221.0,224.0
crop_Componenets_1.transformed549.tif,219.23055198383543,247,221.0,224.0
crop_Componenets_1.transformed550.tif,219.33191362347458,242,221.0,224.0
crop_Componenets_1.transformed551.tif,219.30532634019258,241,221.0,224.0
crop_Componenets_1.transformed552.tif,219.38180149168102,244,221.0,224.0
crop_Componenets_1.transformed553.tif,219.41174918249095,244,221.0,224.0
crop_Componenets_1.transformed554.tif,219.51495294927702,244,221.0,224.0
crop_Componenets_1.transformed555.tif,219.5036555832291,247,221.0,224.0
crop_Componenets_1.transformed556.tif,219.47805320504725,244,221.0,224.0
crop_Componenets_1.transformed557.tif,219.55243333869225,242,221.0,224.0
crop_Componenets_1.transformed558.tif,219.68707428295752,246,221.0,224.0
crop_Componenets_1.transformed559.tif,219.86324206946472,247,221.0,224.0
crop_Componenets_1.transformed560.tif,219.9292002850378,244,221.0,224.0
crop_Componenets_1.transformed561.tif,219.91835843200369,245,221.0,224.0
crop_Componenets_1.transformed562.tif,219.96607557671518,248,221.0,224.0
crop_Componenets_1.transformed563.tif,219.9063244244509,248,221.0,224.0
crop_Componenets_1.transformed564.tif,219.87091170549323,246,221.0,224.0
crop_Componenets_1.transformed565.tif,219.91265441328702,244,221.0,225.0
crop_Componenets_1.transformed566.tif,219.99863149178896,244,221.0,225.0
crop_Componenets_1.transformed567.tif,220.08914305419853,244,221.0,225.0
crop_Componenets_1.transformed568.tif,220.0540450471156,245,221.0,225.0
crop_Componenets_1.transformed569.tif,220.1102659849486,246,221.0,225.0
crop_Componenets_1.transformed570.tif,219.96741365249653,247,221.0,225.0
crop_Componenets_1.transformed571.tif,219.94642262513062,246,221.0,224.0
crop_Componenets_1.transformed572.tif,219.90965016986502,246,221.0,224.0
crop_Componenets_1.transformed573.tif,219.97914132953946,245,221.0,224.0
crop_Componenets_1.transformed574.tif,220.0785887966234,250,221.0,225.0
crop_Componenets_1.transformed575.tif,220.1013327522136,252,221.0,225.0
crop_Componenets_1.transformed576.tif,220.09194479182204,246,221.0,225.0
crop_Componenets_1.transformed577.tif,220.11197806106642,244,221.0,225.0
crop_Componenets_1.transformed578.tif,220.15445260500346,244,221.0,224.0
crop_Componenets_1.transformed579.tif,220.24066613871386,247,221.0,224.0
crop_Componenets_1.transformed580.tif,220.18294194614697,248,221.0,224.0
crop_Componenets_1.transformed581.tif,220.1800642717778,248,221.0,224.0
crop_Componenets_1.transformed582.tif,220.21733443480656,245,221.0,225.0
crop_Componenets_1.transformed583.tif,220.1171942223191,243,221.0,225.0
crop_Componenets_1.transformed584.tif,220.0796879481443,243,221.0,225.0
crop_Componenets_1.transformed585.tif,220.222836750852,245,222.0,225.0
crop_Componenets_1.transformed586.tif,220.21118804037064,246,221.0,224.0
crop_Componenets_1.transformed587.tif,220.10125186631447,244,221.0,224.0
crop_Componenets_1.transformed588.tif,220.0946174075818,244,221.0,224.0
crop_Componenets_1.transformed589.tif,220.18214170914268,244,221.0,224.0
crop_Componenets_1.transformed590.tif,220.27946676456418,247,221.0,224.0
crop_Componenets_1.transformed591.tif,220.26038129760485,248,221.0,225.0
crop_Componenets_1.transformed592.tif,220.2284508463691,247,222.0,225.0
crop_Componenets_1.transformed593.tif,220.26043375041576,247,222.0,225.0
crop_Componenets_1.transformed594.tif,220.3702692157628,247,222.0,225.0
crop_Componenets_1.transformed595.tif,220.44517833553502,247,222.0,225.0
crop_Componenets_1.transformed596.tif,220.35041016567476,246,222.0,225.0
crop_Componenets_1.transformed597.tif,220.2059195257026,245,222.0,225.0
crop_Componenets_1.transformed598.tif,220.06849629936102,244,221.0,224.0
crop_Componenets_1.transformed599.tif,219.8804541432528,244,221.0,224.0
crop_Componenets_1.transformed600.tif,219.86071498339518,246,221.0,224.0
crop_Componenets_1.transformed601.tif,220.01504130901904,249,221.0,224.0
crop_Componenets_1.transformed602.tif,220.0888899102598,251,221.0,224.0
crop_Componenets_1.transformed603.tif,220.00068952043853,248,221.0,224.0
crop_Componenets_1.transformed604.tif,220.20954766939414,251,222.0,224.0
crop_Componenets_1.transformed605.tif,220.3310654729753,249,222.0,224.0
crop_Componenets_1.transformed606.tif,220.3155615292712,248,222.0,224.0
crop_Componenets_1.transformed607.tif,220.29706463773445,247,222.0,224.0
crop_Componenets_1.transformed608.tif,220.32257879129216,246,222.0,224.0
crop_Componenets_1.transformed609.tif,220.33751049079683,245,222.0,224.0
crop_Componenets_1.transformed610.tif,220.39390420566122,245,221.0,224.0
crop_Componenets_1.transformed611.tif,220.44281936299873,248,221.0,224.0
crop_Componenets_1.transformed612.tif,220.45302368360544,246,222.0,224.0
crop_Componenets_1.transformed613.tif,220.50853144281922,246,222.0,224.0
crop_Componenets_1.transformed614.tif,220.51861298772923,248,222.0,224.0
crop_Componenets_1.transformed615.tif,220.4428653492647,248,222.0,224.0
crop_Componenets_1.transformed616.tif,220.33914092109796,250,221.0,224.0
crop_Componenets_1.transformed617.tif,220.38448202620006,253,222.0,224.0
crop_Componenets_1.transformed618.tif,220.4393353453519,252,222.0,224.0
crop_Componenets_1.transformed619.tif,220.523868539429,252,222.0,224.0
crop_Componenets_1.transformed620.tif,220.47694884916356,250,222.0,224.0
crop_Componenets_1.transformed621.tif,220.36745301420473,252,221.0,224.0
crop_Componenets_1.transformed622.tif,220.2136546184739,252,221.0,224.0
crop_Componenets_1.transformed623.tif,220.25083773238467,253,221.0,224.0
crop_Componenets_1.transformed624.tif,220.21528694594005,253,221.0,224.0
crop_Componenets_1.transformed625.tif,220.21801524614256,252,221.0,224.0
crop_Componenets_1.transformed626.tif,220.39045475941722,251,222.0,224.0
crop_Componenets_1.transformed627.tif,220.43913333027143,249,222.0,224.0
crop_Componenets_1.transformed628.tif,220.1834179512509,254,221.0,224.0
crop_Componenets_1.transformed629.tif,220.08029373233123,250,221.0,224.0
crop_Componenets_1.transformed630.tif,220.1562065278624,247,221.0,224.0
crop_Componenets_1.transformed631.tif,220.19872384456198,245,221.0,224.0
crop_Componenets_1.transformed632.tif,220.19648852504255,245,221.0,224.0
crop_Componenets_1.transformed633.tif,220.11779987355595,245,221.0,224.0
crop_Componenets_1.transformed634.tif,220.0703805910084,243,221.0,224.0
crop_Componenets_1.transformed635.tif,220.0325292061448,243,221.0,224.0
crop_Componenets_1.transformed636.tif,220.13017581381445,243,221.0,224.0
crop_Componenets_1.transformed637.tif,220.1246752350953,245,222.0,224.0
crop_Componenets_1.transformed638.tif,220.15885733992414,248,222.0,224.0
crop_Componenets_1.transformed639.tif,220.18744176951657,248,222.0,224.0
crop_Componenets_1.transformed640.tif,220.17028255740345,250,222.0,224.0
crop_Componenets_1.transformed641.tif,220.20570159285518,248,222.0,225.0
crop_Componenets_1.transformed642.tif,220.32125723357993,252,222.0,225.0
crop_Componenets_1.transformed643.tif,220.48016470940064,247,222.0,225.0
crop_Componenets_1.transformed644.tif,220.56348667946787,244,222.0,225.0
crop_Componenets_1.transformed645.tif,220.67102358946062,247,222.0,225.0
crop_Componenets_1.transformed646.tif,220.61993243243242,244,222.0,225.0
crop_Componenets_1.transformed647.tif,220.45819067533722,243,222.0,225.0
crop_Componenets_1.transformed648.tif,220.4976444904056,245,222.0,225.0
crop_Componenets_1.transformed649.tif,220.4840277618183,243,222.0,225.0
crop_Componenets_1.transformed650.tif,220.48126572679328,246,222.0,225.0
crop_Componenets_1.transformed651.tif,220.57529148239618,244,222.0,225.0
crop_Componenets_1.transformed652.tif,220.6803929453668,243,222.0,225.0
crop_Componenets_1.transformed653.tif,220.78684927099968,245,222.0,225.0
crop_Componenets_1.transformed654.tif,220.878977599081,245,222.0,225.0
crop_Componenets_1.transformed655.tif,220.9127238475941,249,222.0,225.0
crop_Componenets_1.transformed656.tif,221.03635925006893,251,222.0,225.0
crop_Componenets_1.transformed657.tif,221.08493361510543,251,222.0,225.0
crop_Componenets_1.transformed658.tif,221.0717320899465,248,222.0,225.0
crop_Componenets_1.transformed659.tif,220.9464314428135,247,222.0,225.0
crop_Componenets_1.transformed660.tif,220.99420120109775,247,222.0,225.0
crop_Componenets_1.transformed661.tif,221.02642033711479,251,222.0,225.0
crop_Componenets_1.transformed662.tif,220.94207873617984,251,222.0,225.0
crop_Componenets_1.transformed663.tif,220.97526639720743,246,222.0,225.0
crop_Componenets_1.transformed664.tif,220.92074808844802,243,222.0,225.0
crop_Componenets_1.transformed665.tif,220.88292901344417,244,222.0,225.0
crop_Componenets_1.transformed666.tif,220.99814017565006,247,222.0,225.0
crop_Componenets_1.transformed667.tif,221.10774422368377,245,222.0,225.0
crop_Componenets_1.transformed668.tif,221.21539079536325,245,222.0,225.0
crop_Componenets_1.transformed669.tif,221.20025253974632,249,222.0,225.0
crop_Componenets_1.transformed670.tif,221.1621469575201,251,222.0,225.0
crop_Componenets_1.transformed671.tif,221.10935311272877,250,222.0,225.0
crop_Componenets_1.transformed672.tif,221.0312822986288,248,222.0,225.0
crop_Componenets_1.transformed673.tif,220.94576866966102,248,222.0,225.0
crop_Componenets_1.transformed674.tif,220.7984861189281,247,222.0,225.0
crop_Componenets_1.transformed675.tif,220.82027893297797,250,222.0,225.0
crop_Componenets_1.transformed676.tif,220.7409764503159,251,222.0,225.0
crop_Componenets_1.transformed677.tif,220.69929812872618,247,222.0,225.0
crop_Componenets_1.transformed678.tif,220.79006502309124,248,222.0,225.0
crop_Componenets_1.transformed679.tif,221.05062505745013,246,222.0,225.0
crop_Componenets_1.transformed680.tif,221.12310449407224,244,222.0,225.0
crop_Componenets_1.transformed681.tif,220.91909526380482,246,222.0,225.0
crop_Componenets_1.transformed682.tif,220.60793255148806,246,222.0,225.0
crop_Componenets_1.transformed683.tif,220.31599439518538,248,221.0,225.0
crop_Componenets_1.transformed684.tif,220.28701620678572,245,221.0,224.0
crop_Componenets_1.transformed685.tif,220.42655344540708,243,222.0,225.0
crop_Componenets_1.transformed686.tif,220.49621325132537,246,222.0,225.0
crop_Componenets_1.transformed687.tif,220.56728871138043,246,222.0,225.0
crop_Componenets_1.transformed688.tif,220.5227457957872,247,222.0,225.0
crop_Componenets_1.transformed689.tif,220.51045804155666,248,222.0,225.0
crop_Componenets_1.transformed690.tif,220.63902058246185,245,222.0,225.0
crop_Componenets_1.transformed691.tif,220.81051205821922,250,222.0,225.0
crop_Componenets_1.transformed692.tif,220.82463290587006,249,222.0,225.0
crop_Componenets_1.transformed693.tif,220.8023150327848,250,222.0,225.0
crop_Componenets_1.transformed694.tif,220.82540284142462,246,222.0,225.0
crop_Componenets_1.transformed695.tif,220.76231917336395,248,222.0,225.0
crop_Componenets_1.transformed696.tif,220.94201019096585,248,222.0,225.0
crop_Componenets_1.transformed697.tif,221.09879432380035,243,222.0,225.0
crop_Componenets_1.transformed698.tif,221.15023102764306,247,222.0,225.0
crop_Componenets_1.transformed699.tif,221.1904609034625,247,222.0,225.0
crop_Componenets_1.transformed700.tif,221.18222573839662,247,222.0,225.0
crop_Componenets_1.transformed701.tif,221.1254687446245,251,222.0,225.0
crop_Componenets_1.transformed702.tif,221.18630341267564,248,222.0,225.0
crop_Componenets_1.transformed703.tif,221.34361051508301,247,222.0,225.0
crop_Componenets_1.transformed704.tif,221.44883742282002,249,222.0,225.0
crop_Componenets_1.transformed705.tif,221.4091086472465,249,222.0,225.0
crop_Componenets_1.transformed706.tif,221.46517607088748,248,222.0,225.0
crop_Componenets_1.transformed707.tif,221.39897163975255,247,222.0,225.0
crop_Componenets_1.transformed708.tif,221.5029094122643,247,222.0,225.0
crop_Componenets_1.transformed709.tif,221.54764965112008,247,223.0,225.0
crop_Componenets_1.transformed710.tif,221.51569707401032,250,223.0,225.0
crop_Componenets_1.transformed711.tif,221.43184191501325,252,222.0,225.0
crop_Componenets_1.transformed712.tif,221.29069874208062,249,222.0,225.0
crop_Componenets_1.transformed713.tif,221.41033204402768,248,222.0,225.0
crop_Componenets_1.transformed714.tif,221.53081205164992,249,222.0,225.0
crop_Componenets_1.transformed715.tif,221.6633558773209,249,223.0,225.0
crop_Componenets_1.transformed716.tif,221.64681559754206,250,223.0,225.0
crop_Componenets_1.transformed717.tif,221.7108869717056,250,223.0,225.0
crop_Componenets_1.transformed718.tif,221.6877879522502,251,223.0,225.0
crop_Componenets_1.transformed719.tif,221.65544220031708,249,223.0,225.0
crop_Componenets_1.transformed720.tif,221.64890537777677,251,223.0,225.0
crop_Componenets_1.transformed721.tif,221.52779022087455,252,223.0,225.0
crop_Componenets_1.transformed722.tif,221.34060999977032,250,222.0,225.0
crop_Componenets_1.transformed723.tif,221.02760236066777,251,222.0,225.0
crop_Componenets_1.transformed724.tif,221.03932261768082,247,222.0,225.0
crop_Componenets_1.transformed725.tif,221.1632587455942,246,222.0,225.0
crop_Componenets_1.transformed726.tif,221.33254887554673,249,223.0,225.0
crop_Componenets_1.transformed727.tif,221.27359616311358,244,223.0,225.0
crop_Componenets_1.transformed728.tif,221.09749635865265,244,222.0,225.0
crop_Componenets_1.transformed729.tif,221.06718429231705,244,222.0,225.0
crop_Componenets_1.transformed730.tif,221.09697657880852,247,222.0,225.0
crop_Componenets_1.transformed731.tif,220.99809589355357,246,222.0,225.0
crop_Componenets_1.transformed732.tif,220.82575079725606,246,222.0,225.0
crop_Componenets_1.transformed733.tif,220.69255837971198,246,222.0,225.0
crop_Componenets_1.transformed734.tif,220.86650140017446,247,222.0,225.0
crop_Componenets_1.transformed735.tif,220.9390413238315,247,222.0,225.0
crop_Componenets_1.transformed736.tif,220.95615193011858,247,222.0,226.0
crop_Componenets_1.transformed737.tif,220.96425208424245,246,222.0,226.0
crop_Componenets_1.transformed738.tif,221.0253847920974,245,222.0,225.0
crop_Componenets_1.transformed739.tif,221.0337476165315,246,222.0,225.0
crop_Componenets_1.transformed740.tif,221.21471878373103,248,222.0,226.0
crop_Componenets_1.transformed741.tif,221.31706925055107,249,222.0,226.0
crop_Componenets_1.transformed742.tif,221.3379622191108,248,222.0,226.0
crop_Componenets_1.transformed743.tif,221.29342025226384,247,222.0,226.0
crop_Componenets_1.transformed744.tif,221.25411708000047,253,222.0,226.0
crop_Componenets_1.transformed745.tif,221.0732468724894,249,222.0,225.0
crop_Componenets_1.transformed746.tif,221.0075095591866,250,222.0,225.0
crop_Componenets_1.transformed747.tif,221.13609277226018,247,222.0,226.0
crop_Componenets_1.transformed748.tif,221.30944206501394,251,222.0,226.0
crop_Componenets_1.transformed749.tif,221.40141492098493,247,222.0,226.0
crop_Componenets_1.transformed750.tif,221.4524613511589,246,223.0,226.0
crop_Componenets_1.transformed751.tif,221.36869846811052,247,223.0,226.0
crop_Componenets_1.transformed752.tif,221.41517257221616,248,223.0,226.0
crop_Componenets_1.transformed753.tif,221.54109943132863,248,223.0,226.0
crop_Componenets_1.transformed754.tif,221.5274429827081,248,222.0,226.0
crop_Componenets_1.transformed755.tif,221.43438243303802,248,222.0,226.0
crop_Componenets_1.transformed756.tif,221.47529714692968,247,223.0,226.0
crop_Componenets_1.transformed757.tif,221.45090440762164,248,222.0,226.0
crop_Componenets_1.transformed758.tif,221.43910403826695,248,222.0,226.0
crop_Componenets_1.transformed759.tif,221.58579493842635,249,222.0,226.0
crop_Componenets_1.transformed760.tif,221.7395750744022,248,223.0,226.0
crop_Componenets_1.transformed761.tif,221.68339440162646,246,223.0,226.0
crop_Componenets_1.transformed762.tif,221.58630986562537,247,223.0,226.0
crop_Componenets_1.transformed763.tif,221.6641971905402,246,223.0,226.0
crop_Componenets_1.transformed764.tif,221.7110883994396,248,223.0,226.0
crop_Componenets_1.transformed765.tif,221.71623018607858,249,223.0,226.0
crop_Componenets_1.transformed766.tif,221.75113678118686,251,223.0,226.0
crop_Componenets_1.transformed767.tif,221.91356295981728,249,223.0,227.0
crop_Componenets_1.transformed768.tif,221.966460511067,251,223.0,227.0
crop_Componenets_1.transformed769.tif,221.90679716364136,248,223.0,227.0
crop_Componenets_1.transformed770.tif,221.81298191665138,244,223.0,226.0
crop_Componenets_1.transformed771.tif,221.71591508892715,246,223.0,226.0
crop_Componenets_1.transformed772.tif,221.75049334557136,246,223.0,226.0
crop_Componenets_1.transformed773.tif,221.8523439113375,245,223.0,226.0
crop_Componenets_1.transformed774.tif,221.82982116022163,247,223.0,226.0
crop_Componenets_1.transformed775.tif,221.80892998497137,246,223.0,226.0
crop_Componenets_1.transformed776.tif,221.73337691981234,247,223.0,226.0
crop_Componenets_1.transformed777.tif,221.7803364082794,245,223.0,226.0
crop_Componenets_1.transformed778.tif,221.83167487288964,246,223.0,226.0
crop_Componenets_1.transformed779.tif,221.9387741046832,246,223.0,226.0
crop_Componenets_1.transformed780.tif,222.06669651878386,250,223.0,227.0
crop_Componenets_1.transformed781.tif,222.0823084961016,250,224.0,227.0
crop_Componenets_1.transformed782.tif,222.07974692265296,249,223.0,227.0
crop_Componenets_1.transformed783.tif,222.01167864771136,251,223.0,227.0
crop_Componenets_1.transformed784.tif,222.04592791613564,253,224.0,227.0
crop_Componenets_1.transformed785.tif,222.1638997956419,250,224.0,227.0
crop_Componenets_1.transformed786.tif,222.24253799880609,244,224.0,227.0
crop_Componenets_1.transformed787.tif,222.23307303628846,247,224.0,227.0
crop_Componenets_1.transformed788.tif,222.19263462598786,246,223.0,227.0
crop_Componenets_1.transformed789.tif,222.2673866835181,246,224.0,227.0
crop_Componenets_1.transformed790.tif,222.36150806414557,248,224.0,227.0
crop_Componenets_1.transformed791.tif,222.4809510136105,249,224.0,227.0
crop_Componenets_1.transformed792.tif,222.5046733264439,248,224.0,227.0
crop_Componenets_1.transformed793.tif,222.40360505166475,248,224.0,227.0
crop_Componenets_1.transformed794.tif,222.2412890786393,248,224.0,227.0
crop_Componenets_1.transformed795.tif,222.25457570715474,252,224.0,227.0
crop_Componenets_1.transformed796.tif,222.35636259323007,254,224.0,227.0
crop_Componenets_1.transformed797.tif,222.36801506037926,246,224.0,227.0
crop_Componenets_1.transformed798.tif,222.2664738026358,246,223.0,227.0
crop_Componenets_1.transformed799.tif,222.33690509004043,248,223.0,227.0
crop_Componenets_1.transformed800.tif,222.31958289310487,249,223.0,227.0
crop_Componenets_1.transformed801.tif,222.26185746925842,249,223.0,227.0
crop_Componenets_1.transformed802.tif,222.35884898362085,245,223.0,227.0
crop_Componenets_1.transformed803.tif,222.50840610977863,248,224.0,227.0
crop_Componenets_1.transformed804.tif,222.52003259385077,249,224.0,227.0
crop_Componenets_1.transformed805.tif,222.44865131541206,246,223.0,227.0
crop_Componenets_1.transformed806.tif,222.56816356501986,249,223.0,227.0
crop_Componenets_1.transformed807.tif,222.72505937560953,248,224.0,227.0
crop_Componenets_1.transformed808.tif,222.79445420009412,247,224.0,227.0
crop_Componenets_1.transformed809.tif,222.74211583720796,245,224.0,227.0
crop_Componenets_1.transformed810.tif,222.70812331362305,247,224.0,227.0
crop_Componenets_1.transformed811.tif,222.69446166563338,248,224.0,227.0
crop_Componenets_1.transformed812.tif,222.6168341275765,246,223.0,227.0
crop_Componenets_1.transformed813.tif,222.83570263877087,248,224.0,227.0
crop_Componenets_1.transformed814.tif,222.92103208322808,251,224.0,227.0
crop_Componenets_1.transformed815.tif,222.63605676494902,250,224.0,227.0
crop_Componenets_1.transformed816.tif,222.59143339186724,251,224.0,227.0
crop_Componenets_1.transformed817.tif,222.69200050491722,248,224.0,227.0
crop_Componenets_1.transformed818.tif,222.68386941360006,247,223.0,227.0
crop_Componenets_1.transformed819.tif,222.75440166087427,248,223.0,227.0
crop_Componenets_1.transformed820.tif,222.8171108026568,248,224.0,227.0
crop_Componenets_1.transformed821.tif,222.81106905253498,249,224.0,227.0
crop_Componenets_1.transformed822.tif,222.9098748867559,251,224.0,227.0
crop_Componenets_1.transformed823.tif,222.97841693616826,252,223.0,227.0
crop_Componenets_1.transformed824.tif,222.96179432477692,252,224.0,227.0
crop_Componenets_1.transformed825.tif,223.0004703453023,252,224.0,227.0
crop_Componenets_1.transformed826.tif,222.99418217703624,254,224.0,227.0
crop_Componenets_1.transformed827.tif,222.92843775473887,254,224.0,227.0
crop_Componenets_1.transformed828.tif,222.84137851809305,252,224.0,227.0
crop_Componenets_1.transformed829.tif,222.75104277982695,254,224.0,227.0
crop_Componenets_1.transformed830.tif,222.88376235348196,254,224.0,227.0
crop_Componenets_1.transformed831.tif,222.75974302099735,251,224.0,227.0
crop_Componenets_1.transformed832.tif,222.57821604661586,247,224.0,227.0
crop_Componenets_1.transformed833.tif,222.46833930704898,250,223.0,227.0
crop_Componenets_1.transformed834.tif,222.4947119414811,248,223.0,227.0
crop_Componenets_1.transformed835.tif,222.46956821313734,249,223.0,227.0
crop_Componenets_1.transformed836.tif,222.5016125885202,253,224.0,227.0
crop_Componenets_1.transformed837.tif,222.46568678071895,255,223.0,227.0
crop_Componenets_1.transformed838.tif,222.42348823866897,254,223.0,227.0
crop_Componenets_1.transformed839.tif,222.5406910009183,251,224.0,227.0
crop_Componenets_1.transformed840.tif,222.64961810141847,246,224.0,227.0
crop_Componenets_1.transformed841.tif,222.63927742943108,248,224.0,227.0
crop_Componenets_1.transformed842.tif,222.6529681938225,248,224.0,227.0
crop_Componenets_1.transformed843.tif,222.6460777336486,250,224.0,227.0
crop_Componenets_1.transformed844.tif,222.5378876569566,249,223.0,227.0
crop_Componenets_1.transformed845.tif,222.58397446202605,249,223.0,227.0
crop_Componenets_1.transformed846.tif,222.48252422725395,249,223.0,227.0
crop_Componenets_1.transformed847.tif,222.47248280534154,249,224.0,227.0
crop_Componenets_1.transformed848.tif,222.43787817899994,249,224.0,227.0
crop_Componenets_1.transformed849.tif,222.35586661461085,251,223.0,226.0
crop_Componenets_1.transformed850.tif,222.34347261933468,252,223.0,227.0
crop_Componenets_1.transformed851.tif,222.34692119499672,251,223.0,227.0
crop_Componenets_1.transformed852.tif,222.37150440037684,251,223.0,227.0
crop_Componenets_1.transformed853.tif,222.331843408519,247,223.0,227.0
crop_Componenets_1.transformed854.tif,222.3070383051081,246,223.0,226.0
crop_Componenets_1.transformed855.tif,222.31831649058338,246,223.0,226.0
crop_Componenets_1.transformed856.tif,222.36256403188386,246,223.0,226.0
crop_Componenets_1.transformed857.tif,222.40255906642315,247,223.0,226.0
crop_Componenets_1.transformed858.tif,222.45702277190202,251,223.0,226.0
crop_Componenets_1.transformed859.tif,222.47209684273392,247,223.0,227.0
crop_Componenets_1.transformed860.tif,222.53207984930626,248,224.0,227.0
crop_Componenets_1.transformed861.tif,222.54603192833352,250,223.0,227.0
crop_Componenets_1.transformed862.tif,222.5205770533981,248,223.0,227.0
crop_Componenets_1.transformed863.tif,222.44845964759125,249,223.0,226.0
crop_Componenets_1.transformed864.tif,222.48090971743625,247,223.0,226.0
crop_Componenets_1.transformed865.tif,222.54662471724328,248,223.0,227.0
crop_Componenets_1.transformed866.tif,222.62314996612815,248,224.0,227.0
crop_Componenets_1.transformed867.tif,222.65618289756222,249,224.0,227.0
crop_Componenets_1.transformed868.tif,222.62662210891384,251,224.0,227.0
crop_Componenets_1.transformed869.tif,222.64114991902787,251,224.0,227.0
crop_Componenets_1.transformed870.tif,222.6194562183397,250,224.0,227.0
crop_Componenets_1.transformed871.tif,222.59387959059424,250,223.0,227.0
crop_Componenets_1.transformed872.tif,222.57790081904128,249,223.0,227.0
crop_Componenets_1.transformed873.tif,222.48780207663327,249,223.0,227.0
crop_Componenets_1.transformed874.tif,222.40250835544222,246,223.0,226.0
crop_Componenets_1.transformed875.tif,222.32118456256387,247,223.0,226.0
crop_Componenets_1.transformed876.tif,222.31628424834426,250,223.0,227.0
crop_Componenets_1.transformed877.tif,222.42444730136137,253,223.0,227.0
crop_Componenets_1.transformed878.tif,222.4690545892888,254,224.0,227.0
crop_Componenets_1.transformed879.tif,222.43411182207723,252,223.0,227.0
crop_Componenets_1.transformed880.tif,222.36712133573883,252,223.0,227.0
crop_Componenets_1.transformed881.tif,222.34405920682167,253,223.0,227.0
crop_Componenets_1.transformed882.tif,222.34154075946458,248,223.0,227.0
crop_Componenets_1.transformed883.tif,222.2412212161603,248,223.0,226.0
crop_Componenets_1.transformed884.tif,222.25155925155926,251,223.0,226.0
crop_Componenets_1.transformed885.tif,222.41709921910888,251,223.0,227.0
crop_Componenets_1.transformed886.tif,222.42234441906118,251,223.0,227.0
crop_Componenets_1.transformed887.tif,222.478367150202,249,224.0,227.0
crop_Componenets_1.transformed888.tif,222.64097090721293,249,224.0,227.0
crop_Componenets_1.transformed889.tif,222.59912293792834,254,224.0,227.0
crop_Componenets_1.transformed890.tif,222.37438982468203,255,223.0,227.0
